{
  "model": "linear_svm",
  "model_path": "models\\cve_severity\\linear_svm.pkl",
  "accuracy": 0.9279497098646035,
  "macro_precision": 0.9181738288143461,
  "macro_recall": 0.902074010035773,
  "macro_f1": 0.9095854567466773,
  "weighted_precision": 0.9276652806729925,
  "weighted_recall": 0.9279497098646035,
  "weighted_f1": 0.9277172983278603,
  "train_seconds": 50.8449449999971,
  "classification_report": {
    "LOW": {
      "precision": 0.8679245283018868,
      "recall": 0.785140562248996,
      "f1-score": 0.8244596731681603,
      "support": 996.0
    },
    "MEDIUM": {
      "precision": 0.932516720523033,
      "recall": 0.9384405959313318,
      "f1-score": 0.935469280060309,
      "support": 13223.0
    },
    "HIGH": {
      "precision": 0.9196031828045882,
      "recall": 0.9159118979003705,
      "f1-score": 0.9177538287010777,
      "support": 9716.0
    },
    "CRITICAL": {
      "precision": 0.952650883627876,
      "recall": 0.9688029840623941,
      "f1-score": 0.960659045057162,
      "support": 2949.0
    },
    "accuracy": 0.9279497098646035,
    "macro avg": {
      "precision": 0.9181738288143461,
      "recall": 0.902074010035773,
      "f1-score": 0.9095854567466773,
      "support": 26884.0
    },
    "weighted avg": {
      "precision": 0.9276652806729925,
      "recall": 0.9279497098646035,
      "f1-score": 0.9277172983278603,
      "support": 26884.0
    }
  }
}