{
  "model": "random_forest",
  "model_path": "models\\cve_severity\\random_forest.pkl",
  "accuracy": 0.969721767594108,
  "macro_precision": 0.9460949067855738,
  "macro_recall": 0.9635879266270783,
  "macro_f1": 0.954446116657256,
  "weighted_precision": 0.9700925348795318,
  "weighted_recall": 0.969721767594108,
  "weighted_f1": 0.969844966088907,
  "train_seconds": 153.8268478999962,
  "classification_report": {
    "LOW": {
      "precision": 0.8596491228070176,
      "recall": 0.9347389558232931,
      "f1-score": 0.8956228956228957,
      "support": 996.0
    },
    "MEDIUM": {
      "precision": 0.9760583719692939,
      "recall": 0.9711865688572942,
      "f1-score": 0.9736163760424564,
      "support": 13223.0
    },
    "HIGH": {
      "precision": 0.9709920512026428,
      "recall": 0.9680938657883903,
      "f1-score": 0.9695407926609287,
      "support": 9716.0
    },
    "CRITICAL": {
      "precision": 0.9776800811633413,
      "recall": 0.9803323160393353,
      "f1-score": 0.979004402302743,
      "support": 2949.0
    },
    "accuracy": 0.969721767594108,
    "macro avg": {
      "precision": 0.9460949067855738,
      "recall": 0.9635879266270783,
      "f1-score": 0.954446116657256,
      "support": 26884.0
    },
    "weighted avg": {
      "precision": 0.9700925348795318,
      "recall": 0.969721767594108,
      "f1-score": 0.969844966088907,
      "support": 26884.0
    }
  }
}