model,model_path,accuracy,macro_precision,macro_recall,macro_f1,weighted_precision,weighted_recall,weighted_f1,train_seconds
logistic_regression,models\cve_severity\logistic_regression.pkl,0.951197738431781,0.8964832105358286,0.9579038724364941,0.9225849921459404,0.9549154181187726,0.951197738431781,0.9520918135463194,41.207597599997825
linear_svm,models\cve_severity\linear_svm.pkl,0.9279497098646035,0.9181738288143461,0.902074010035773,0.9095854567466773,0.9276652806729925,0.9279497098646035,0.9277172983278603,50.8449449999971
random_forest,models\cve_severity\random_forest.pkl,0.969721767594108,0.9460949067855738,0.9635879266270783,0.954446116657256,0.9700925348795318,0.969721767594108,0.969844966088907,153.8268478999962
