model,train_accuracy,test_accuracy,test_macro_f1,test_weighted_f1,cv_accuracy_mean,cv_accuracy_std
Logistic Regression,0.9670435947031691,0.9517184942716858,0.9225235853347079,0.9526095910747484,0.9483038238357386,0.00128496663665194
Linear SVM,0.9789000892724297,0.9278381193274811,0.9097970774772267,0.9276153001001644,0.926699895848832,0.0013708639991682854
Random Forest,0.990198631156078,0.9679735158458562,0.9528046637799255,0.9680681477448139,0.9705772950453803,0.0016174427220377143
